{
  "summary": {
    "total_tasks": 2,
    "successful_tasks": 2,
    "failed_tasks": 0,
    "success_rate": 1.0,
    "total_time": 74.84438920021057,
    "average_time_per_task": 37.422194600105286,
    "timestamp": "2026-01-04T11:44:58.165252"
  },
  "family_breakdown": {
    "android_world": {
      "total": 2,
      "successful": 2,
      "failed": 0,
      "scores": [
        1.0,
        1.0
      ],
      "times": [
        37.035048484802246,
        37.29324388504028
      ],
      "tasks": [
        "ContactsAddContact",
        "ContactsAddContact"
      ],
      "success_rate": 1.0,
      "average_score": 1.0,
      "median_score": 1.0,
      "score_std": 0.0,
      "average_time": 37.164146184921265,
      "median_time": 37.164146184921265
    }
  },
  "performance_metrics": {
    "score_stats": {
      "mean": 1.0,
      "median": 1.0,
      "std": 0.0,
      "min": 1.0,
      "max": 1.0
    },
    "time_stats": {
      "mean": 37.164146184921265,
      "median": 37.164146184921265,
      "std": 0.18257171837949077,
      "min": 37.035048484802246,
      "max": 37.29324388504028
    },
    "action_stats": {
      "mean": 0,
      "median": 0.0,
      "std": 0.0,
      "min": 0,
      "max": 0
    }
  },
  "error_analysis": {
    "total_failures": 0,
    "failed_tasks": [],
    "error_categories": {}
  },
  "score_distribution": {
    "total_scores": 2,
    "distribution": {
      "0.0-0.2": 0,
      "0.2-0.4": 0,
      "0.4-0.6": 0,
      "0.6-0.8": 0,
      "0.8-1.0": 2
    },
    "perfect_scores": 2,
    "zero_scores": 0
  },
  "time_analysis": {
    "total_benchmark_time": 74.84438920021057,
    "total_tasks": 2,
    "task_time_stats": {
      "mean": 37.164146184921265,
      "median": 37.164146184921265,
      "min": 37.035048484802246,
      "max": 37.29324388504028,
      "total": 74.32829236984253
    },
    "agent_time_stats": {
      "mean": 34.1201605796814,
      "median": 34.1201605796814,
      "min": 33.98292803764343,
      "max": 34.25739312171936,
      "total": 68.2403211593628
    }
  },
  "detailed_results": [
    {
      "task_name": "ContactsAddContact",
      "combination_id": 0,
      "family": "android_world",
      "task_goal": "Create a new contact for Camila da Silva. Their number is +10433218196. (name: Camila da Silva, phone: +10433218196)",
      "metadata": {
        "task_name": "ContactsAddContact",
        "family": "android_world",
        "params": {
          "name": "Camila da Silva",
          "number": "+10433218196"
        },
        "complexity": 1.2,
        "task_class": "ContactsAddContact",
        "combination_id": 0,
        "seed": 42
      },
      "agent_result": {
        "finished": true,
        "actions": [],
        "execution_time": 33.98292803764343,
        "result_message": "Contact Camila da Silva created successfully."
      },
      "evaluation": {
        "task_name": "ContactsAddContact",
        "success": true,
        "evaluation_score": 1.0,
        "error": null,
        "evaluation_details": {
          "final_screen_elements": 0,
          "task_complexity": 1.2,
          "task_goal": "Create a new contact for Camila da Silva. Their number is +10433218196."
        },
        "execution_time": 33.98292803764343,
        "num_actions": 0,
        "agent_finished": true
      },
      "total_time": 37.035048484802246,
      "timestamp": "2026-01-04T11:44:20.619391",
      "success": true
    },
    {
      "task_name": "ContactsAddContact",
      "combination_id": 1,
      "family": "android_world",
      "task_goal": "Create a new contact for Alejandro Ali. Their number is +11338908386. (name: Alejandro Ali, phone: +11338908386)",
      "metadata": {
        "task_name": "ContactsAddContact",
        "family": "android_world",
        "params": {
          "name": "Alejandro Ali",
          "number": "+11338908386"
        },
        "complexity": 1.2,
        "task_class": "ContactsAddContact",
        "combination_id": 1,
        "seed": 42
      },
      "agent_result": {
        "finished": true,
        "actions": [],
        "execution_time": 34.25739312171936,
        "result_message": "Contact Alejandro Ali has been successfully created and saved."
      },
      "evaluation": {
        "task_name": "ContactsAddContact",
        "success": true,
        "evaluation_score": 1.0,
        "error": null,
        "evaluation_details": {
          "final_screen_elements": 0,
          "task_complexity": 1.2,
          "task_goal": "Create a new contact for Alejandro Ali. Their number is +11338908386."
        },
        "execution_time": 34.25739312171936,
        "num_actions": 0,
        "agent_finished": true
      },
      "total_time": 37.29324388504028,
      "timestamp": "2026-01-04T11:44:58.164976",
      "success": true
    }
  ]
}